Intervention ID,Intervention URL,State Act ID,State Act URL,State Act Title,GTA Evaluation,Implementing Jurisdictions,Implementation Level,Eligible Firm,Intervention Type,Mast Chapter,Affected Sectors,Affected Products,Affected Jurisdictions,Is Horizontal,Date Announced,Date Implemented,Date Removed,Is In Force
15189,https://globaltradealert.org/intervention/15189,13078,https://www.globaltradealert.org/state-act/13078,United States of America: Reclassification of renewable diesel and consequent decrease in the MFN duty,Green,United States of America,National,all,Import tariff,Tariff measures,"333, 399","271012, 271019, 271020, 271091, 271099","Algeria, Angola, Argentina, Azerbaijan, Bahamas, Belgium, Bolivia, Brazil, Cameroon, China, Congo, Ivory Coast, Croatia, Czechia, DR Congo, Denmark, Ecuador, Egypt, Estonia, Finland, France, Gabon, Germany, Ghana, Greece, Iceland, India, Indonesia, Iraq, Ireland, Italy, Jamaica, Japan, Kazakhstan, Kenya, Kuwait, Libya, Lithuania, Malaysia, Netherlands, Nigeria, Norway, Philippines, Poland, Portugal, Qatar, Russia, Saudi Arabia, Slovakia, South Africa, Spain, Suriname, Sweden, Switzerland, Trinidad & Tobago, Tunisia, Turkiye, Turkmenistan, United Arab Emirates, United Kingdom, Venezuela",False,2016-11-30,2017-01-30,,1
15190,https://globaltradealert.org/intervention/15190,13079,https://www.globaltradealert.org/state-act/13079,United States of America: Reclassification of a cam fastener and dowel and consequent increase in the MFN duty,Red,United States of America,National,all,Import tariff,Tariff measures,429,790700,"Bosnia & Herzegovina, China, France, Germany, Hong Kong, India, Italy, Malaysia, Thailand, United Kingdom",False,2016-11-30,2017-01-30,,1
15192,https://globaltradealert.org/intervention/15192,13080,https://www.globaltradealert.org/state-act/13080,United States of America: Reclassification of photomask pellicles and consequent increase in the MFN duty,Red,United States of America,National,all,Import tariff,Tariff measures,"282, 369","392610, 392620, 392630, 392640, 392690","Austria, Bangladesh, Belgium, Brazil, Cambodia, China, Czechia, Denmark, Egypt, Estonia, Finland, France, Germany, Greece, Hong Kong, Hungary, India, Indonesia, Ireland, Italy, Japan, Malaysia, Malta, Myanmar, Netherlands, New Zealand, Norway, Pakistan, Philippines, Poland, Portugal, Republic of Moldova, Romania, Russia, Saudi Arabia, Slovakia, Slovenia, South Africa, Spain, Sweden, Switzerland, Thailand, Tunisia, Turkiye, United Kingdom, Venezuela",False,2016-11-30,2017-01-30,,1
15193,https://globaltradealert.org/intervention/15193,13083,https://www.globaltradealert.org/state-act/13083,United States of America: Reclassification of certain plastic sheets and consequent decrease in the MFN duty,Green,United States of America,National,all,Import tariff,Tariff measures,363,"392112, 392190","Austria, Belgium, Brazil, China, Czechia, Denmark, Finland, France, Germany, Greece, Hong Kong, India, Indonesia, Ireland, Italy, Japan, Luxembourg, Netherlands, New Zealand, Portugal, Saudi Arabia, Slovakia, Spain, Sweden, Switzerland, Thailand, Turkiye, United Kingdom",False,2016-11-30,2017-01-30,,1
15194,https://globaltradealert.org/intervention/15194,13086,https://www.globaltradealert.org/state-act/13086,United States of America: Reclassification of kits used to cut holes in wood or metal doors and consequent decrease in the MFN duty,Green,United States of America,National,all,Import tariff,Tariff measures,429,"820210, 820220, 820231, 820239, 820240, 820291, 820299","Austria, Belarus, Brazil, China, France, Germany, India, Indonesia, Italy, Japan, Luxembourg, Netherlands, Portugal, Slovenia, Sweden, Switzerland, Thailand, Turkiye, United Kingdom",False,2016-11-30,2017-01-30,,1
20721,https://globaltradealert.org/intervention/20721,9982,https://www.globaltradealert.org/state-act/9982,United States of America: Numerous changes made to the Generalized System of Preferences,Red,United States of America,National,all,Import tariff,Tariff measures,"19, 214, 219, 261, 314, 342, 392, 415, 429, 463, 495","200811, 200819, 200820, 200830, 200840, 200850, 200860, 200870, 200880, 200891, 200893, 200897, 200899, 230610, 230620, 230630, 230641, 230649, 230650, 230660, 230690, 280410, 280421, 280429, 280430, 280440, 280450, 280461, 280469, 280470, 280480, 280490, 441210, 441231, 441233, 441239, 441241, 441242, 441249, 441251, 441252, 441259, 441291, 441292, 441299, 520100, 520210, 520291, 520299, 520300, 740811, 740819, 740821, 740822, 740829, 741300, 854411, 854419, 854420, 854430, 854442, 854449, 854460, 854470, 860711, 860712, 860719, 860721, 860729, 860730, 860791, 860799","Algeria, Argentina, Austria, Belgium, Bhutan, Bolivia, Brazil, Bulgaria, Cambodia, Cameroon, China, Ivory Coast, Czechia, Denmark, Ecuador, Egypt, Estonia, Finland, France, Gabon, Germany, Greece, Hong Kong, Hungary, India, Indonesia, Ireland, Italy, Jamaica, Japan, Kazakhstan, Kenya, Latvia, Lebanon, Lithuania, Malaysia, Malta, Mozambique, Netherlands, New Zealand, Norway, Pakistan, Paraguay, Philippines, Poland, Portugal, Qatar, Romania, Russia, Saudi Arabia, Slovakia, South Africa, Spain, Sri Lanka, Sweden, Switzerland, Thailand, Tunisia, Turkiye, Ukraine, United Arab Emirates, United Kingdom, Uruguay, Venezuela",False,2017-01-01,2017-01-01,,1
56492,https://globaltradealert.org/intervention/56492,26895,https://www.globaltradealert.org/state-act/26895,United States of America: Reclassification of non-motorized knee scooters and consequent elimination of the MFN duty,Green,United States of America,National,all,Import tariff,Tariff measures,499,871680,"Canada, China, Czechia, Republic of Korea, Mexico, Thailand, United Kingdom",False,2017-03-08,2017-03-08,,1
56578,https://globaltradealert.org/intervention/56578,26964,https://www.globaltradealert.org/state-act/26964,United States of America: Reclassification of frozen focaccia and consequent elimination of the MFN duty,Green,United States of America,National,all,Import tariff,Tariff measures,239,190590,"Canada, Republic of Korea, India, Mexico, Portugal",False,2017-03-08,2017-05-08,,1
56579,https://globaltradealert.org/intervention/56579,26965,https://www.globaltradealert.org/state-act/26965,United States of America: Reclassification of padded mats and consequent elimination of the MFN duty,Green,United States of America,National,all,Import tariff,Tariff measures,271,630790,"Australia, Canada, China, India, Mexico, Vietnam",False,2017-03-08,2017-05-09,,1
56675,https://globaltradealert.org/intervention/56675,27048,https://www.globaltradealert.org/state-act/27048,United States of America: Reclassification of blanket and reduction in duty,Green,United States of America,National,all,Import tariff,Tariff measures,271,630140,"China, Honduras, India, Indonesia, Mexico, Thailand, Vietnam",False,2017-02-10,2017-02-10,,1
56766,https://globaltradealert.org/intervention/56766,27114,https://www.globaltradealert.org/state-act/27114,United States of America: Reclassification of lanyards of glass beads and consequent increase in the MFN duty,Red,United States of America,National,all,Import tariff,Tariff measures,371,701810,"Austria, Canada, China, Czechia, Republic of Korea, Germany, India, Italy, Japan, Nepal",False,2017-04-12,2017-06-12,,1
56767,https://globaltradealert.org/intervention/56767,27115,https://www.globaltradealert.org/state-act/27115,United States of America: Reclassification of wafer catalysts and consequent increase in the MFN duty,Red,United States of America,National,all,Import tariff,Tariff measures,354,381512,"Australia, Bahrain, Belgium, Brazil, Canada, China, Republic of Korea, France, Germany, Italy, Japan, Macedonia, Mexico, Saudi Arabia, Sweden, Thailand, United Kingdom",False,2017-04-12,2017-06-12,,1
56768,https://globaltradealert.org/intervention/56768,27116,https://www.globaltradealert.org/state-act/27116,United States of America: Reclassification of football girdles and pants and consequent increase in the MFN duty,Red,United States of America,National,all,Import tariff,Tariff measures,384,950699,"Australia, Bangladesh, Belgium, Brazil, Canada, China, Czechia, Republic of Korea, Denmark, El Salvador, Finland, France, Germany, Hong Kong, Hungary, India, Indonesia, Israel, Italy, Japan, Malaysia, Mexico, Netherlands, Pakistan, Philippines, Poland, South Africa, Spain, Sweden, Thailand, Ukraine, United Kingdom, Vietnam",False,2017-04-12,2017-06-12,,1
56769,https://globaltradealert.org/intervention/56769,27117,https://www.globaltradealert.org/state-act/27117,United States of America: Reclassification of cotton sleep sacks and consequent reduction in the MFN duty,Green,United States of America,National,all,Import tariff,Tariff measures,271,"630210, 630221, 630222, 630229, 630231, 630232, 630239","Bahrain, Bangladesh, Cambodia, Canada, China, Egypt, El Salvador, France, Germany, Guatemala, India, Israel, Italy, Mexico, Pakistan, Philippines, Portugal, Spain, Thailand, Turkiye, Turkmenistan",False,2017-04-12,2017-04-12,,1
56901,https://globaltradealert.org/intervention/56901,27224,https://www.globaltradealert.org/state-act/27224,United States of America: Reclassification of dried algae powder and consequent increase in the MFN duty,Red,United States of America,National,all,Import tariff,Tariff measures,239,210220,"Belgium, Brazil, Canada, China, Republic of Korea, Denmark, Estonia, France, Germany, Italy, Japan, Mexico, Poland, Russia, Thailand, Turkiye, United Kingdom",False,2017-05-03,2017-07-03,,1
56902,https://globaltradealert.org/intervention/56902,27225,https://www.globaltradealert.org/state-act/27225,United States of America: Reclassification of flip caps and consequent reduction in the MFN duty,Green,United States of America,National,all,Import tariff,Tariff measures,429,830990,"Australia, Austria, Brazil, Canada, China, Denmark, France, Germany, Hong Kong, India, Italy, Japan, Malaysia, Mexico, Netherlands, Poland, Spain, United Kingdom",False,2017-05-03,2017-07-03,,1
56903,https://globaltradealert.org/intervention/56903,27226,https://www.globaltradealert.org/state-act/27226,United States of America: Reclassification of yard waste/recycling bags and consequent increase in the MFN duty,Red,United States of America,National,all,Import tariff,Tariff measures,271,630532,"China, Finland, France, India, Indonesia, Mexico, Thailand, Turkiye, Vietnam",False,2017-05-03,2017-07-03,,1
56904,https://globaltradealert.org/intervention/56904,27227,https://www.globaltradealert.org/state-act/27227,United States of America: Reclassification of reusable diaper covers and consequent increase in the MFN duty,Red,United States of America,National,all,Import tariff,Tariff measures,282,"611120, 611130","Bangladesh, Cambodia, Canada, China, Republic of Korea, Egypt, El Salvador, Ethiopia, Guatemala, Haiti, Honduras, Hong Kong, India, Indonesia, Italy, Malaysia, Mexico, Nicaragua, Pakistan, Peru, Philippines, Portugal, Spain, Sri Lanka, Thailand, Turkiye, Vietnam",False,2017-05-03,2017-07-03,,1
57129,https://globaltradealert.org/intervention/57129,27380,https://www.globaltradealert.org/state-act/27380,United States of America: Reclassification eliminates tariffs on compression arm sleeves and gauntlets,Green,United States of America,National,all,Import tariff,Tariff measures,282,611510,"Brazil, China, Costa Rica, Germany, Italy, Mexico, Pakistan",False,2017-05-17,2017-05-17,,1
57396,https://globaltradealert.org/intervention/57396,27527,https://www.globaltradealert.org/state-act/27527,United States of America: Reclassification of nursing/breast pads resulting in a tariff increase,Red,United States of America,National,all,Import tariff,Tariff measures,271,630790,"Australia, Bahrain, Bangladesh, Brazil, Cambodia, Canada, China, Czechia, Republic of Korea, Denmark, Dominican Republic, El Salvador, France, Germany, Guatemala, Honduras, Hong Kong, India, Indonesia, Italy, Japan, Macedonia, Malaysia, Mexico, Nepal, Netherlands, Pakistan, Philippines, Poland, Romania, Serbia, Spain, Sri Lanka, Sweden, Thailand, Tunisia, Turkiye, United Kingdom, Vietnam",False,2017-06-07,2017-08-07,,1
57397,https://globaltradealert.org/intervention/57397,27528,https://www.globaltradealert.org/state-act/27528,United States of America: Reclassification of nut setters resulting in a tariff increase,Red,United States of America,National,all,Import tariff,Tariff measures,429,820790,"Brazil, Canada, China, Republic of Korea, Denmark, Finland, France, Germany, Hungary, India, Israel, Italy, Japan, Mexico, Poland, Sweden, Switzerland, Trinidad & Tobago, United Kingdom",False,2017-06-07,2017-08-07,,1
57398,https://globaltradealert.org/intervention/57398,27529,https://www.globaltradealert.org/state-act/27529,United States of America: Reclassification of foot sleeves resulting in a tariff decrease,Green,United States of America,National,all,Import tariff,Tariff measures,282,611596,"Bulgaria, Canada, China, Colombia, Costa Rica, Republic of Korea, El Salvador, Honduras, Hong Kong, India, Israel, Italy, Mexico, Myanmar, Pakistan, Poland, South Africa, Thailand, Turkiye, Vietnam",False,2017-06-07,2017-08-07,,1
57399,https://globaltradealert.org/intervention/57399,27530,https://www.globaltradealert.org/state-act/27530,"United States of America: Reclassification of ceiling, wall, and flooring panels resulting in a tariff decrease",Green,United States of America,National,all,Import tariff,Tariff measures,314,441192,"Argentina, Belgium, Brazil, Canada, Chile, China, Germany, Ireland, Netherlands, Poland, Spain",False,2017-06-07,2017-08-07,,1
57400,https://globaltradealert.org/intervention/57400,27531,https://www.globaltradealert.org/state-act/27531,United States of America: Reclassification of knee scooters resulting in a tariff elimination,Green,United States of America,National,all,Import tariff,Tariff measures,499,871680,"Canada, China, Czechia, Republic of Korea, Finland, France, Germany, India, Israel, Japan, Malaysia, Mexico, Netherlands, Poland, Thailand, United Kingdom, Vietnam",False,2017-06-07,2017-08-07,,1
57401,https://globaltradealert.org/intervention/57401,27532,https://www.globaltradealert.org/state-act/27532,"United States of America: Reclassification of stainless steel, double-walled beverage bottles resulting in a tariff increase",Red,United States of America,National,all,Import tariff,Tariff measures,429,732393,"Austria, Belgium, Brazil, Canada, China, Republic of Korea, France, Germany, Hong Kong, India, Indonesia, Italy, Japan, Mexico, Portugal, Spain, Thailand, Turkiye, Vietnam",False,2017-06-07,2017-08-07,,1
57508,https://globaltradealert.org/intervention/57508,27585,https://www.globaltradealert.org/state-act/27585,United States of America: Scope of fees on imported bovine meat expanded to cover certain veal cuts,Red,United States of America,National,all,Import tariff,Tariff measures,211,"20110, 20120, 20130, 20210, 20230","Australia, Brazil, Canada, Chile, Costa Rica, Ireland, Japan, Mexico, New Zealand, Nicaragua, United Kingdom, Uruguay",False,2017-05-30,2017-06-29,,1
57549,https://globaltradealert.org/intervention/57549,27620,https://www.globaltradealert.org/state-act/27620,United States of America: Changes to the Generalized System of Preferences,Green,United States of America,National,all,Import tariff,Tariff measures,"231, 292, 347, 354","110419, 330113, 380993, 391220, 420211, 420212, 420221, 420222, 420231, 420232, 420291, 420292, 420299","Argentina, Bangladesh, Bolivia, Brazil, Bulgaria, Cambodia, Canada, China, Colombia, Costa Rica, Czechia, Republic of Korea, Dominican Republic, El Salvador, Ethiopia, France, Germany, Hong Kong, Hungary, India, Indonesia, Ireland, Israel, Italy, Japan, Mexico, Myanmar, Nicaragua, Pakistan, Paraguay, Peru, Philippines, Romania, South Africa, Spain, Switzerland, Thailand, Tunisia, Turkiye, United Kingdom, Uruguay, Vietnam",False,2017-06-29,2017-07-01,,1
57550,https://globaltradealert.org/intervention/57550,27620,https://www.globaltradealert.org/state-act/27620,United States of America: Changes to the Generalized System of Preferences,Red,United States of America,National,all,Import tariff,Tariff measures,"341, 376","292249, 293392, 293399, 680100","Argentina, Brazil, India, Indonesia, Israel, South Africa, Thailand, Turkiye",False,2017-06-29,2017-07-01,,1
57677,https://globaltradealert.org/intervention/57677,27717,https://www.globaltradealert.org/state-act/27717,United States of America: Reclassification of certain surgical microscopes resulting in the imposition of duty,Red,United States of America,National,all,Import tariff,Tariff measures,482,901210,"Canada, China, Czechia, Republic of Korea, Germany, Japan, Malaysia, Netherlands, Switzerland, United Kingdom",False,2017-07-19,2017-09-18,,1
57678,https://globaltradealert.org/intervention/57678,27718,https://www.globaltradealert.org/state-act/27718,United States of America: Reclassification of coconut water resulting in a tariff increase,Red,United States of America,National,all,Import tariff,Tariff measures,214,"200989, 200990","Argentina, Austria, Brazil, Canada, Chile, China, Ecuador, Egypt, El Salvador, France, Georgia, Germany, Guatemala, Hungary, India, Indonesia, Italy, Jamaica, Lebanon, Mexico, Netherlands, New Zealand, Peru, Philippines, Poland, Samoa, South Africa, Spain, Sri Lanka, Switzerland, Thailand, Turkiye, Vietnam",False,2017-07-19,2017-09-18,,1
57679,https://globaltradealert.org/intervention/57679,27719,https://www.globaltradealert.org/state-act/27719,United States of America: Reclassification of air mattresses resulting in a tariff increase,Red,United States of America,National,all,Import tariff,Tariff measures,369,392690,"Australia, Austria, Bangladesh, Belgium, Brazil, Cambodia, Canada, China, Colombia, Costa Rica, Czechia, Republic of Korea, Denmark, Dominican Republic, Egypt, El Salvador, Estonia, Finland, France, Germany, Greece, Honduras, Hong Kong, Hungary, India, Indonesia, Ireland, Israel, Italy, Japan, Malaysia, Malta, Mexico, Myanmar, Netherlands, New Zealand, Norway, Pakistan, Panama, Philippines, Poland, Portugal, Republic of Moldova, Romania, Russia, Saudi Arabia, Singapore, Slovakia, Slovenia, South Africa, Spain, Sweden, Switzerland, Thailand, Tunisia, Turkiye, United Kingdom, Venezuela, Vietnam",False,2017-07-19,2017-09-18,,1
57680,https://globaltradealert.org/intervention/57680,27720,https://www.globaltradealert.org/state-act/27720,United States of America: Reclassification of flip caps resulting in a tariff decrease,Green,United States of America,National,all,Import tariff,Tariff measures,429,830990,"Australia, Austria, Brazil, Canada, China, Denmark, France, Germany, Hong Kong, India, Italy, Japan, Malaysia, Mexico, Netherlands, Poland, Spain, United Kingdom",False,2017-07-19,2017-09-18,,1
57681,https://globaltradealert.org/intervention/57681,27721,https://www.globaltradealert.org/state-act/27721,United States of America: Reclassification of dried algae powder resulting the imposition of duty,Red,United States of America,National,all,Import tariff,Tariff measures,239,210220,"Belgium, Brazil, Canada, China, Republic of Korea, Denmark, Estonia, France, Germany, Italy, Japan, Mexico, Poland, Russia, Thailand, Turkiye, United Kingdom",False,2017-07-19,2017-09-18,,1
57686,https://globaltradealert.org/intervention/57686,27726,https://www.globaltradealert.org/state-act/27726,United States of America: Reclassification of pillow shells resulting in a tariff increase,Red,United States of America,National,all,Import tariff,Tariff measures,271,630790,"Australia, Bahrain, Bangladesh, Brazil, Cambodia, Canada, China, Czechia, Republic of Korea, Denmark, Dominican Republic, El Salvador, France, Germany, Guatemala, Honduras, Hong Kong, India, Indonesia, Italy, Japan, Macedonia, Malaysia, Mexico, Nepal, Netherlands, Pakistan, Philippines, Poland, Romania, Serbia, Spain, Sri Lanka, Sweden, Thailand, Tunisia, Turkiye, United Kingdom, Vietnam",False,2017-07-19,2017-09-19,,1
57687,https://globaltradealert.org/intervention/57687,27727,https://www.globaltradealert.org/state-act/27727,United States of America: Change in duty treatment of gel pack vest sets resulting in a higher tariff,Red,United States of America,National,all,Import tariff,Tariff measures,282,611030,"Bangladesh, Bulgaria, Cambodia, Canada, China, Colombia, Republic of Korea, Dominican Republic, Egypt, El Salvador, Ethiopia, France, Georgia, Germany, Ghana, Guatemala, Haiti, Honduras, Hong Kong, India, Indonesia, Israel, Italy, Jordan, Kenya, Lesotho, Madagascar, Malawi, Malaysia, Mauritius, Mexico, Morocco, Myanmar, Nicaragua, Oman, Pakistan, Peru, Philippines, Poland, Portugal, Romania, Spain, Sri Lanka, Thailand, Turkiye, United Arab Emirates, Tanzania, Vietnam",False,2017-07-19,2017-09-18,,1
57688,https://globaltradealert.org/intervention/57688,27728,https://www.globaltradealert.org/state-act/27728,United States of America: Reclassification of polyester flower leis resulting in a tariff decrease,Green,United States of America,National,all,Import tariff,Tariff measures,389,670290,"China, Hong Kong, India, Philippines, Thailand",False,2017-07-19,2017-09-18,,1
57831,https://globaltradealert.org/intervention/57831,27839,https://www.globaltradealert.org/state-act/27839,United States of America: Reclassification of optical fiber ribbon cable resulting in a tariff increase,Red,United States of America,National,all,Import tariff,Tariff measures,483,900110,"Canada, China, Denmark, Finland, France, Germany, Hong Kong, India, Indonesia, Israel, Japan, Latvia, Mexico, Netherlands, Poland, Switzerland, Thailand, United Kingdom",False,2017-08-02,2017-10-02,,1
57857,https://globaltradealert.org/intervention/57857,27857,https://www.globaltradealert.org/state-act/27857,United States of America: Reclassification of wicker chairs resulting in a tariff elimination,Green,United States of America,National,all,Import tariff,Tariff measures,381,940179,"Belgium, Canada, China, Costa Rica, Czechia, Republic of Korea, Denmark, France, Germany, Hong Kong, India, Indonesia, Italy, Malaysia, Mexico, Netherlands, Philippines, Poland, Slovenia, Spain, Thailand, United Kingdom, Vietnam",False,2017-08-02,2017-10-01,,1
57885,https://globaltradealert.org/intervention/57885,27881,https://www.globaltradealert.org/state-act/27881,United States of America: Reclassification of sleep sacks resulting in a tariff change,Red,United States of America,National,all,Import tariff,Tariff measures,271,630790,"Australia, Bahrain, Bangladesh, Brazil, Cambodia, Canada, China, Czechia, Republic of Korea, Denmark, Dominican Republic, El Salvador, France, Germany, Guatemala, Honduras, Hong Kong, India, Indonesia, Italy, Japan, Macedonia, Malaysia, Mexico, Nepal, Netherlands, Pakistan, Philippines, Poland, Romania, Serbia, Spain, Sri Lanka, Sweden, Thailand, Tunisia, Turkiye, United Kingdom, Vietnam",False,2017-08-02,2017-10-01,,1
57892,https://globaltradealert.org/intervention/57892,27886,https://www.globaltradealert.org/state-act/27886,United States of America: Reclassification of reaction stations for organic chemistry resulting in the imposition of a tariff,Red,United States of America,National,all,Import tariff,Tariff measures,439,841989,"Australia, Austria, Belgium, Brazil, Canada, China, Czechia, Republic of Korea, Denmark, Finland, France, Germany, Hungary, India, Indonesia, Israel, Italy, Japan, Malaysia, Mexico, Netherlands, Poland, Romania, Singapore, Spain, Sweden, Switzerland, Thailand, United Kingdom",False,2017-08-09,2017-10-08,,1
57901,https://globaltradealert.org/intervention/57901,27881,https://www.globaltradealert.org/state-act/27881,United States of America: Reclassification of sleep sacks resulting in a tariff change,Green,United States of America,National,all,Import tariff,Tariff measures,271,630790,"Australia, Bahrain, Bangladesh, Brazil, Cambodia, Canada, China, Czechia, Republic of Korea, Denmark, Dominican Republic, El Salvador, France, Germany, Guatemala, Honduras, Hong Kong, India, Indonesia, Italy, Japan, Macedonia, Malaysia, Mexico, Nepal, Netherlands, Pakistan, Philippines, Poland, Romania, Serbia, Spain, Sri Lanka, Sweden, Thailand, Tunisia, Turkiye, United Kingdom, Vietnam",False,2017-08-02,2017-10-01,,1
57947,https://globaltradealert.org/intervention/57947,27910,https://www.globaltradealert.org/state-act/27910,United States of America: Reclassification of lanyards of glass beads resulting in a tariff increase,Red,United States of America,National,all,Import tariff,Tariff measures,371,701890,"Austria, China, India, Italy, Thailand",False,2017-08-09,2017-10-09,,1
57948,https://globaltradealert.org/intervention/57948,27911,https://www.globaltradealert.org/state-act/27911,United States of America: Reclassification of football girdles and pants resulting in the imposition of a tariff,Red,United States of America,National,all,Import tariff,Tariff measures,282,611430,"Bangladesh, Cambodia, Canada, China, Colombia, Dominican Republic, Egypt, El Salvador, Ethiopia, Guatemala, Guyana, Haiti, Honduras, Hong Kong, India, Indonesia, Israel, Italy, Jordan, Madagascar, Mexico, Morocco, Pakistan, Peru, Philippines, Portugal, Spain, Sri Lanka, Thailand, Turkiye, Vietnam",False,2017-08-09,2017-10-09,,1
57992,https://globaltradealert.org/intervention/57992,27941,https://www.globaltradealert.org/state-act/27941,United States of America: Reclassification of decorative plush figures resulting in duty-free treatment,Green,United States of America,National,all,Import tariff,Tariff measures,385,950300,"Australia, Austria, Bangladesh, Canada, China, Colombia, Czechia, Republic of Korea, Denmark, France, Germany, Honduras, Hong Kong, Hungary, India, Indonesia, Israel, Italy, Japan, Lithuania, Malaysia, Malta, Mexico, Netherlands, Pakistan, Peru, Philippines, Poland, Portugal, Romania, Russia, Spain, Sri Lanka, Sweden, Switzerland, Thailand, Tunisia, Turkiye, United Kingdom, Vietnam",False,2017-08-09,2017-10-09,,1
57994,https://globaltradealert.org/intervention/57994,27943,https://www.globaltradealert.org/state-act/27943,United States of America: Reclassification of wafer catalysts resulting in the imposition of a tariff,Red,United States of America,National,all,Import tariff,Tariff measures,382,711590,"Australia, Austria, Brazil, Canada, Chile, France, Germany, Hong Kong, Italy, Japan, Malaysia, Mexico, Norway, Singapore, South Africa, Switzerland, Turkiye, United Kingdom",False,2017-08-09,2017-10-09,,1
58026,https://globaltradealert.org/intervention/58026,27948,https://www.globaltradealert.org/state-act/27948,United States of America: Reclassification of vacuum trucks with mixed results for specific items,Green,United States of America,National,all,Import tariff,Tariff measures,385,950300,"Australia, Austria, Bangladesh, Canada, China, Colombia, Czechia, Republic of Korea, Denmark, France, Germany, Honduras, Hong Kong, Hungary, India, Indonesia, Israel, Italy, Japan, Lithuania, Malaysia, Malta, Mexico, Netherlands, Pakistan, Peru, Philippines, Poland, Portugal, Romania, Russia, Spain, Sri Lanka, Sweden, Switzerland, Thailand, Tunisia, Turkiye, United Kingdom, Vietnam",False,2017-08-16,2017-10-15,,1
58027,https://globaltradealert.org/intervention/58027,27948,https://www.globaltradealert.org/state-act/27948,United States of America: Reclassification of vacuum trucks with mixed results for specific items,Red,United States of America,National,all,Import tariff,Tariff measures,385,950300,"Australia, Austria, Bangladesh, Canada, China, Colombia, Czechia, Republic of Korea, Denmark, France, Germany, Honduras, Hong Kong, Hungary, India, Indonesia, Israel, Italy, Japan, Lithuania, Malaysia, Malta, Mexico, Netherlands, Pakistan, Peru, Philippines, Poland, Portugal, Romania, Russia, Spain, Sri Lanka, Sweden, Switzerland, Thailand, Tunisia, Turkiye, United Kingdom, Vietnam",False,2017-08-16,2017-10-15,,1
58028,https://globaltradealert.org/intervention/58028,27949,https://www.globaltradealert.org/state-act/27949,United States of America: Reclassification of fishing waders resulting in a tariff increase,Red,United States of America,National,all,Import tariff,Tariff measures,293,640420,"Brazil, China, Dominican Republic, France, Italy, Russia, Spain, Switzerland, Thailand, United Kingdom, Vietnam",False,2017-08-16,2017-10-15,,1
58164,https://globaltradealert.org/intervention/58164,28034,https://www.globaltradealert.org/state-act/28034,United States of America: Court decision that may facilitate the extension of preferences to imports from multiple countries,Green,United States of America,National,all,Import tariff,Tariff measures,429,732393,"Austria, China, Portugal, Thailand",False,2017-08-23,2017-08-23,,1
58165,https://globaltradealert.org/intervention/58165,28035,https://www.globaltradealert.org/state-act/28035,United States of America: Togo qualifies for duty-free treatment on textile and apparel products imported under the African Growth and Opportunity Act,Green,United States of America,National,all,Import tariff,Tariff measures,282,"610120, 610130, 610190, 610210, 610220, 610230, 610290, 610310, 610322, 610323, 610329, 610331, 610332, 610333, 610339, 610341, 610342, 610343, 610349, 610413, 610419, 610422, 610423, 610429, 610431, 610432, 610433, 610439, 610441, 610442, 610443, 610444, 610449, 610451, 610452, 610453, 610459, 610461, 610462, 610463, 610469, 610510, 610520, 610590, 610610, 610620, 610690, 610711, 610712, 610719, 610721, 610722, 610729, 610791, 610799, 610811, 610819, 610821, 610822, 610829, 610831, 610832, 610839, 610891, 610892, 610899, 610910, 610990, 611011, 611012, 611019, 611020, 611030, 611090, 611120, 611130, 611190, 611211, 611212, 611219, 611220, 611231, 611239, 611241, 611249, 611300, 611420, 611430, 611490, 611510, 611521, 611522, 611529, 611530, 611594, 611595, 611596, 611599, 611610, 611691, 611692, 611693, 611699, 611710, 611780, 611790, 620120, 620130, 620140, 620190, 620220, 620230, 620240, 620290",Togo,False,2017-08-22,2017-08-22,,1
58166,https://globaltradealert.org/intervention/58166,28036,https://www.globaltradealert.org/state-act/28036,United States of America: Reclassification of glass plant watering bulbs resulting in a tariff increase,Red,United States of America,National,all,Import tariff,Tariff measures,371,701399,"Canada, China, Czechia, France, Germany, Hong Kong, India, Indonesia, Italy, Mexico, Philippines, Poland, Portugal, Spain, Turkiye",False,2017-08-16,2017-10-16,,1
58167,https://globaltradealert.org/intervention/58167,28037,https://www.globaltradealert.org/state-act/28037,United States of America: Reclassification of a fragrance component resulting in the elimination of tariff,Green,United States of America,National,all,Import tariff,Tariff measures,354,330290,"Canada, China, France, Germany, Hong Kong, India, Italy, Japan, Mexico, Singapore, Spain, Switzerland, United Kingdom",False,2017-08-16,2017-10-16,,1
58168,https://globaltradealert.org/intervention/58168,28038,https://www.globaltradealert.org/state-act/28038,United States of America: Reclassification of certain electrical cables resulting in the elimination of tariff,Green,United States of America,National,all,Import tariff,Tariff measures,463,854420,"Belgium, Canada, China, Costa Rica, Czechia, Republic of Korea, Finland, France, Germany, Honduras, Hong Kong, Hungary, India, Italy, Japan, Malaysia, Mexico, Netherlands, Philippines, Poland, Slovakia, Switzerland, Thailand, United Kingdom, Vietnam",False,2017-08-16,2017-10-16,,1
58176,https://globaltradealert.org/intervention/58176,28045,https://www.globaltradealert.org/state-act/28045,United States of America: Court ruling reduces tariff on certain vehicles from 25% to 2.5%,Green,United States of America,National,firm-specific,Import tariff,Tariff measures,491,870332,"Canada, Germany, India, Italy, Japan, Netherlands, South Africa, Spain, United Kingdom",False,2017-08-16,2017-08-16,2019-06-07,0
58177,https://globaltradealert.org/intervention/58177,28046,https://www.globaltradealert.org/state-act/28046,United States of America: Reclassification of nursing/breast pads resulting in a tariff increase,Red,United States of America,National,all,Import tariff,Tariff measures,321,961900,"Belgium, Canada, China, Colombia, Costa Rica, Czechia, Denmark, Egypt, France, Germany, Hong Kong, India, Israel, Italy, Mexico, Netherlands, Pakistan, Panama, Slovakia, Slovenia, Spain, Sweden, Thailand, Turkiye, United Kingdom",False,2017-08-16,2017-10-16,,1
58178,https://globaltradealert.org/intervention/58178,28047,https://www.globaltradealert.org/state-act/28047,United States of America: Reclassification of foot sleeves resulting in a tariff decrease,Green,United States of America,National,all,Import tariff,Tariff measures,271,630790,"Australia, Bahrain, Bangladesh, Brazil, Cambodia, Canada, China, Czechia, Republic of Korea, Denmark, Dominican Republic, El Salvador, France, Germany, Guatemala, Honduras, Hong Kong, India, Indonesia, Italy, Japan, Macedonia, Malaysia, Mexico, Nepal, Netherlands, Pakistan, Philippines, Poland, Romania, Serbia, Spain, Sri Lanka, Sweden, Thailand, Tunisia, Turkiye, United Kingdom, Vietnam",False,2017-08-16,2017-10-16,,1
58179,https://globaltradealert.org/intervention/58179,28048,https://www.globaltradealert.org/state-act/28048,United States of America: Reclassification of nut setters resulting in a tariff increase,Red,United States of America,National,all,Import tariff,Tariff measures,429,820420,"Canada, China, Germany, Japan",False,2017-08-16,2017-10-16,,1
58234,https://globaltradealert.org/intervention/58234,28088,https://www.globaltradealert.org/state-act/28088,United States of America: Increase in the assessments paid on imports of cotton and cotton-containing products,Red,United States of America,National,all,Import tariff,Tariff measures,"19, 263, 264, 265, 266, 267, 268, 272, 273, 279","520100, 520411, 520419, 520420, 520511, 520512, 520513, 520514, 520515, 520521, 520522, 520523, 520524, 520526, 520527, 520528, 520531, 520532, 520533, 520534, 520535, 520541, 520542, 520543, 520544, 520546, 520547, 520548, 520611, 520612, 520613, 520614, 520615, 520621, 520622, 520623, 520624, 520625, 520631, 520632, 520633, 520634, 520635, 520641, 520642, 520643, 520644, 520645, 520710, 520790, 520811, 520812, 520813, 520819, 520821, 520822, 520823, 520829, 520831, 520832, 520833, 520839, 520841, 520842, 520843, 520849, 520851, 520852, 520859, 520911, 520912, 520919, 520921, 520922, 520929, 520931, 520932, 520939, 520941, 520942, 520943, 520949, 520951, 520952, 520959, 521011, 521019, 521021, 521029, 521031, 521032, 521039, 521041, 521049, 521051, 521059, 521111, 521112, 521119, 521120, 521131, 521132, 521139, 521141, 521142, 521143, 521149, 521151, 521152, 521159, 521211, 521212, 521213, 521214, 521215, 521221, 521222, 521223, 521224, 521225, 530911, 530919, 530921, 530929, 540710, 540720, 540730, 540741, 540742, 540743, 540744, 540751, 540752, 540753, 540754, 540761, 540769, 540771, 540772, 540773, 540774, 540781, 540782, 540783, 540784, 540791, 540792, 540793, 540794, 550911, 550912, 550921, 550922, 550931, 550932, 550941, 550942, 550951, 550952, 550953, 550959, 550961, 550962, 550969, 550991, 550992, 550999, 551211, 551219, 551221, 551229, 551291, 551299, 551311, 551312, 551313, 551319, 551321, 551323, 551329, 551331, 551339, 551341, 551349, 551411, 551412, 551419, 551421, 551422, 551423, 551429, 551430, 551441, 551442, 551443, 551449, 551511, 551512, 551513, 551519, 551521, 551522, 551529, 551591, 551599, 551611, 551612, 551613, 551614, 551621, 551622, 551623, 551624, 551631, 551632, 551633, 551634, 551641, 551642, 551643, 551644, 551691, 551692, 551693, 551694, 560121, 560210, 560290, 560311, 560312, 560313, 560314, 560391, 560392, 560393, 560394, 560410, 560490, 560500, 560600, 560721, 560729, 560741, 560749, 560750, 560790, 560811, 560819, 560890, 560900, 570110, 570190, 570210, 570220, 570231, 570232, 570239, 570241, 570242, 570249, 570250, 570291, 570292, 570299, 570310, 570321, 570329, 570331, 570339, 570390, 570410, 570420, 570490, 570500, 580110, 580121, 580122, 580123, 580126, 580127, 580131, 580132, 580133, 580136, 580137, 580190","Afghanistan, Australia, Austria, Bangladesh, Belarus, Belgium, Brazil, Bulgaria, Canada, China, Colombia, Costa Rica, Czechia, Republic of Korea, Denmark, Egypt, El Salvador, Estonia, Finland, France, Germany, Greece, Guatemala, Honduras, Hong Kong, India, Indonesia, Iran, Ireland, Israel, Italy, Japan, Lithuania, Luxembourg, Malaysia, Mexico, Morocco, Nepal, Netherlands, New Zealand, Pakistan, Peru, Philippines, Poland, Portugal, Romania, Russia, Saudi Arabia, Slovakia, Slovenia, South Africa, Spain, Sri Lanka, Sweden, Switzerland, Thailand, Turkiye, Turkmenistan, United Arab Emirates, United Kingdom, Vietnam",False,2017-09-05,2017-11-06,,1
110426,https://globaltradealert.org/intervention/110426,34702,https://www.globaltradealert.org/state-act/34702,USA: Import tariff changes in 2017,Green,United States of America,National,all,Import tariff,Tariff measures,"442, 341, 354, 351, 449, 292, 469, 482, 439, 474, 319, 282, 483, 361, 461, 346, 342, 434, 387, 373, 462, 473, 364, 465","281211, 281212, 281213, 281214, 281215, 281216, 281217, 281219, 290393, 290394, 290399, 291050, 291090, 291462, 291469, 291471, 291479, 292021, 292022, 292023, 292024, 292029, 292030, 292090, 292112, 292113, 292114, 292119, 292216, 292217, 292218, 292219, 292640, 292690, 293010, 293060, 293070, 293090, 293141, 293142, 293143, 293144, 293145, 293146, 293147, 293148, 293149, 293151, 293152, 293153, 293154, 293159, 293190, 293214, 293219, 293392, 293399, 321511, 321519, 350691, 380861, 380862, 380869, 380891, 381231, 381239, 382491, 382492, 382499, 392310, 401180, 401190, 420212, 420222, 420232, 420292, 441911, 441912, 441919, 441920, 441990, 620240, 620343, 620349, 690721, 690722, 690723, 690730, 690740, 841459, 842320, 842389, 842390, 842489, 845611, 845612, 845640, 845650, 845690, 846693, 847989, 850490, 850590, 851431, 851432, 851439, 851890, 852290, 852721, 852910, 852990, 853690, 853710, 853939, 854330, 854340, 854370, 854390, 900659, 901090, 902790, 903033, 903090, 903190, 940610, 940620, 940690","Argentina, Armenia, Australia, Austria, Bahrain, Bangladesh, Belgium, Bosnia & Herzegovina, Brazil, Bulgaria, Cambodia, Canada, Chile, China, Colombia, Costa Rica, Croatia, Czechia, Republic of Korea, Denmark, Dominican Republic, Ecuador, Egypt, El Salvador, Estonia, Finland, France, Georgia, Germany, Greece, Guatemala, Haiti, Honduras, Hong Kong, Hungary, India, Indonesia, Ireland, Israel, Italy, Japan, Jordan, Kenya, Kuwait, Latvia, Lithuania, Luxembourg, Malaysia, Malta, Mexico, Morocco, Myanmar, Netherlands, New Zealand, Nicaragua, Norway, Pakistan, Panama, Peru, Philippines, Poland, Portugal, Republic of Moldova, Romania, Russia, Saint Kitts & Nevis, Saint Lucia, Saudi Arabia, Singapore, Slovakia, Slovenia, South Africa, Spain, Sri Lanka, Sweden, Switzerland, Thailand, Tunisia, Turkiye, Ukraine, United Arab Emirates, United Kingdom, Tanzania, Vietnam",False,2017-01-01,2017-01-01,,1
110766,https://globaltradealert.org/intervention/110766,34702,https://www.globaltradealert.org/state-act/34702,USA: Import tariff changes in 2017,Red,United States of America,National,all,Import tariff,Tariff measures,"483, 342, 341, 239, 352, 469, 346, 282, 442, 316, 319, 387, 465, 462, 347, 482, 474, 451, 473, 441, 354","210420, 281112, 281119, 281211, 281212, 281213, 281214, 281215, 281216, 281217, 281219, 285390, 290371, 290372, 290373, 290374, 290375, 290383, 290389, 290499, 290519, 291817, 291819, 292112, 292113, 292114, 292119, 292216, 292217, 292218, 292219, 292249, 292425, 292429, 292640, 292690, 293510, 293520, 293530, 293540, 293550, 293590, 380852, 380861, 380862, 380869, 380891, 382491, 382492, 382499, 390140, 390190, 390799, 441873, 441875, 442120, 442191, 442199, 620462, 620463, 842441, 842449, 842482, 845640, 845650, 845690, 846520, 846599, 847340, 852852, 852859, 852990, 853180, 853190, 853890, 854340, 854370, 901310, 901390, 903290, 903300, 940541, 940542, 940549, 940610, 940620, 940690","Argentina, Australia, Austria, Bahrain, Bangladesh, Belgium, Bolivia, Bosnia & Herzegovina, Botswana, Brazil, Bulgaria, Cambodia, Cameroon, Canada, Chile, China, Colombia, Costa Rica, Croatia, Czechia, Republic of Korea, Denmark, Dominican Republic, Ecuador, Egypt, El Salvador, Estonia, Finland, France, Germany, Greece, Guatemala, Haiti, Honduras, Hong Kong, Hungary, India, Indonesia, Ireland, Israel, Italy, Japan, Jordan, Kenya, Lesotho, Lithuania, Luxembourg, Madagascar, Malaysia, Malta, Mauritius, Mexico, Morocco, Myanmar, Netherlands, New Zealand, Nicaragua, Norway, Oman, Pakistan, Panama, Paraguay, Peru, Philippines, Poland, Portugal, Romania, Russia, Saudi Arabia, Singapore, Slovakia, Slovenia, South Africa, Spain, Sri Lanka, Sweden, Switzerland, Thailand, Tunisia, Turkiye, United Arab Emirates, United Kingdom, Tanzania, Vietnam",False,2017-01-01,2017-01-01,,1
110905,https://globaltradealert.org/intervention/110905,34894,https://www.globaltradealert.org/state-act/34894,USA: GSP tariff changes in 2017,Green,United States of America,National,all,Import tariff,Tariff measures,"341, 292, 282, 354, 474, 244, 346","220291, 220299, 290383, 290389, 290499, 291050, 291090, 291471, 291479, 292021, 292022, 292023, 292024, 292029, 292030, 292090, 292216, 292217, 292218, 292219, 292249, 292640, 292690, 293010, 293060, 293070, 293090, 293141, 293142, 293143, 293144, 293145, 293146, 293147, 293148, 293149, 293151, 293152, 293153, 293154, 293159, 293190, 293214, 293219, 380852, 381231, 381239, 382491, 382492, 382499, 420222, 420232, 420292, 420299, 620240, 620343, 852910, 852990","Afghanistan, Albania, Algeria, Angola, Anguilla, Armenia, Azerbaijan, Belize, Benin, Bhutan, Bolivia, Bosnia & Herzegovina, Botswana, Brazil, British Virgin Islands, Burkina Faso, Burundi, Cambodia, Cameroon, Cape Verde, Central African Republic, Chad, Comoros, Congo, Cook Islands, Ivory Coast, DR Congo, Djibouti, Dominica, Ecuador, Egypt, Eritrea, Ethiopia, Fiji, Gabon, Gambia, Georgia, Ghana, Grenada, Guinea, Guinea-Bissau, Guyana, Haiti, India, Indonesia, Iraq, Jamaica, Jordan, Kazakhstan, Kenya, Kiribati, Kyrgyzstan, Lebanon, Lesotho, Liberia, Madagascar, Malawi, Maldives, Mali, Mauritania, Mauritius, Mongolia, Montenegro, Montserrat, Mozambique, Myanmar, Namibia, Nepal, Niger, Nigeria, Niue, Norfolk Island, Pakistan, State of Palestine, Papua New Guinea, Paraguay, Philippines, Pitcairn, Republic of Moldova, Rwanda, Saint Helena, Saint Kitts & Nevis, Saint Lucia, Saint Vincent & the Grenadines, Samoa, Senegal, Serbia, Seychelles, Sierra Leone, Solomon Islands, Somalia, South Africa, Sri Lanka, Republic of the Sudan, Suriname, Thailand, Timor-Leste, Togo, Tokelau, Tonga, Trinidad & Tobago, Tunisia, Turks & Caicos Islands, Tuvalu, Uganda, Ukraine, Tanzania, Uruguay, Uzbekistan, Vanuatu, Venezuela, Wallis & Futuna Islands, Western Sahara, Yemen, Zambia, Zimbabwe",False,2017-01-01,2017-01-01,,1
110952,https://globaltradealert.org/intervention/110952,34894,https://www.globaltradealert.org/state-act/34894,USA: GSP tariff changes in 2017,Red,United States of America,National,all,Import tariff,Tariff measures,"473, 354, 319, 352, 346","293510, 293520, 293530, 293540, 293550, 293590, 380891, 382499, 442120, 442191, 442199, 852852, 852859","Afghanistan, Albania, Algeria, Angola, Anguilla, Armenia, Azerbaijan, Belize, Benin, Bhutan, Bolivia, Bosnia & Herzegovina, Botswana, Brazil, British Virgin Islands, Burkina Faso, Burundi, Cambodia, Cameroon, Cape Verde, Central African Republic, Chad, Comoros, Congo, Cook Islands, Ivory Coast, DR Congo, Djibouti, Dominica, Ecuador, Egypt, Eritrea, Ethiopia, Fiji, Gabon, Gambia, Georgia, Ghana, Grenada, Guinea, Guinea-Bissau, Guyana, Haiti, India, Indonesia, Iraq, Jamaica, Jordan, Kazakhstan, Kenya, Kiribati, Kyrgyzstan, Lebanon, Lesotho, Liberia, Madagascar, Malawi, Maldives, Mali, Mauritania, Mauritius, Mongolia, Montenegro, Montserrat, Mozambique, Myanmar, Namibia, Nepal, Niger, Nigeria, Niue, Norfolk Island, Pakistan, State of Palestine, Papua New Guinea, Paraguay, Philippines, Pitcairn, Republic of Moldova, Rwanda, Saint Helena, Saint Kitts & Nevis, Saint Lucia, Saint Vincent & the Grenadines, Samoa, Senegal, Serbia, Seychelles, Sierra Leone, Solomon Islands, Somalia, South Africa, Sri Lanka, Republic of the Sudan, Suriname, Thailand, Timor-Leste, Togo, Tokelau, Tonga, Trinidad & Tobago, Tunisia, Turks & Caicos Islands, Tuvalu, Uganda, Ukraine, Tanzania, Uruguay, Uzbekistan, Vanuatu, Venezuela, Wallis & Futuna Islands, Western Sahara, Yemen, Zambia, Zimbabwe",False,2017-01-01,2017-01-01,2018-12-31,0
111002,https://globaltradealert.org/intervention/111002,34894,https://www.globaltradealert.org/state-act/34894,USA: GSP tariff changes in 2017,Green,United States of America,National,all,Import tariff,Tariff measures,"292, 282","420212, 420222, 420232, 420291, 420292, 620240, 620343","Afghanistan, Angola, Benin, Bhutan, Burkina Faso, Burundi, Cambodia, Central African Republic, Chad, Comoros, DR Congo, Djibouti, Ethiopia, Gambia, Guinea, Guinea-Bissau, Haiti, Kiribati, Lesotho, Liberia, Madagascar, Malawi, Mali, Mauritania, Mozambique, Myanmar, Nepal, Niger, Rwanda, Samoa, Senegal, Sierra Leone, Solomon Islands, Somalia, Republic of the Sudan, Timor-Leste, Togo, Tuvalu, Uganda, Tanzania, Vanuatu, Yemen, Zambia",False,2017-01-01,2017-01-01,2018-12-31,0
111039,https://globaltradealert.org/intervention/111039,34894,https://www.globaltradealert.org/state-act/34894,USA: GSP tariff changes in 2017,Red,United States of America,National,all,Import tariff,Tariff measures,341,"292142, 292249","Afghanistan, Angola, Benin, Bhutan, Burkina Faso, Burundi, Cambodia, Central African Republic, Chad, Comoros, DR Congo, Djibouti, Ethiopia, Gambia, Guinea, Guinea-Bissau, Haiti, Kiribati, Lesotho, Liberia, Madagascar, Malawi, Mali, Mauritania, Mozambique, Myanmar, Nepal, Niger, Rwanda, Samoa, Senegal, Sierra Leone, Solomon Islands, Somalia, Republic of the Sudan, Timor-Leste, Togo, Tuvalu, Uganda, Tanzania, Vanuatu, Yemen, Zambia",False,2017-01-01,2017-01-01,,1
